{
  "total_calls": 3,
  "error_count": 3,
  "error_rate": 1.0,
  "max_calls_per_second": 3,
  "avg_wait_time": 0.05916142463684082,
  "current_tokens": 10.724833488464355,
  "current_window_size": 3,
  "config": {
    "nominal_max_calls": 15,
    "effective_max_calls": 12,
    "safety_margin": 0.8,
    "min_interval": 0.06944444444444445
  },
  "timestamp": "2025-07-12T00:48:35.157230",
  "timestamp_epoch": 1752248915.157245
}