{
  "total_calls": 15,
  "error_count": 0,
  "error_rate": 0.0,
  "max_calls_per_second": 3,
  "avg_wait_time": 1.0903676350911459e-05,
  "current_tokens": 11,
  "current_window_size": 5,
  "config": {
    "nominal_max_calls": 15,
    "effective_max_calls": 12,
    "safety_margin": 0.8,
    "min_interval": 0.06944444444444445
  },
  "timestamp": "2025-07-11T23:49:25.415246",
  "timestamp_epoch": 1752245365.4152582
}