{
  "total_calls": 3,
  "error_count": 3,
  "error_rate": 1.0,
  "max_calls_per_second": 3,
  "avg_wait_time": 0.06323973337809245,
  "current_tokens": 10.790388107299805,
  "current_window_size": 3,
  "config": {
    "nominal_max_calls": 15,
    "effective_max_calls": 12,
    "safety_margin": 0.8,
    "min_interval": 0.06944444444444445
  },
  "timestamp": "2025-07-12T00:50:53.536989",
  "timestamp_epoch": 1752249053.537004
}