{
  "total_calls": 30,
  "error_count": 30,
  "error_rate": 1.0,
  "max_calls_per_second": 10,
  "avg_wait_time": 0.1218350887298584,
  "current_tokens": 9.840764999389648,
  "current_window_size": 10,
  "config": {
    "nominal_max_calls": 15,
    "effective_max_calls": 12,
    "safety_margin": 0.8,
    "min_interval": 0.06944444444444445
  },
  "timestamp": "2025-07-06T22:23:05.832657",
  "timestamp_epoch": 1751808185.832917
}