{
  "total_calls": 20,
  "error_count": 0,
  "error_rate": 0.0,
  "max_calls_per_second": 8,
  "avg_wait_time": 0.12347434759140015,
  "current_tokens": 10.05330753326416,
  "current_window_size": 10,
  "config": {
    "nominal_max_calls": 15,
    "effective_max_calls": 12,
    "safety_margin": 0.8,
    "min_interval": 0.06944444444444445
  },
  "timestamp": "2025-07-06T22:23:02.598956",
  "timestamp_epoch": 1751808182.598974
}