{
  "total_calls": 52,
  "error_count": 10,
  "error_rate": 0.19230769230769232,
  "max_calls_per_second": 10,
  "avg_wait_time": 0.03508944236315214,
  "current_tokens": 10.882851600646973,
  "current_window_size": 7,
  "config": {
    "nominal_max_calls": 15,
    "effective_max_calls": 12,
    "safety_margin": 0.8,
    "min_interval": 0.06944444444444445
  },
  "timestamp": "2025-07-12T00:06:01.827337",
  "timestamp_epoch": 1752246361.827359
}