{
  "total_calls": 52,
  "error_count": 10,
  "error_rate": 0.19230769230769232,
  "max_calls_per_second": 9,
  "avg_wait_time": 0.04801987684690035,
  "current_tokens": 10.866003036499023,
  "current_window_size": 11,
  "config": {
    "nominal_max_calls": 15,
    "effective_max_calls": 12,
    "safety_margin": 0.8,
    "min_interval": 0.06944444444444445
  },
  "timestamp": "2025-07-11T23:56:39.861694",
  "timestamp_epoch": 1752245799.86172
}